group,Nitrogen,normal,stress
banana,12.0615481702868,0.832338295153752,13.8403045068815
poacee,6.13101960047527,6.51912816773686,33.9244328317996
sorgho,11.9264553177362,28.6321023458765,12.807149184638
triticum,19.7620569423599,6.48757139624467,1.40524162063316
