group,subgroup,value
sorgho,normal,28.6321023458765
sorgho,stress,12.807149184638
sorgho,Nitrogen,11.9264553177362
poacee,normal,6.51912816773686
poacee,stress,33.9244328317996
poacee,Nitrogen,6.13101960047527
banana,normal,0.832338295153752
banana,stress,13.8403045068815
banana,Nitrogen,12.0615481702868
triticum,normal,6.48757139624467
triticum,stress,1.40524162063316
triticum,Nitrogen,19.7620569423599
